
INSERT INTO plataforma(nombrePlataforma,descripcion) VALUES ("PS4","PS4 es un sistema de entretenimiento digital y la cuarta consola de sobremesa desarrollada por Sony Computer Entertainment. Cuenta con un procesador APU de ocho núcleos x86-64 Jaguar desarrollado por AMD. La GPU también fabricada por AMD Radeon tiene una potencia de procesamiento de 1,84 Teraflops.");
INSERT INTO plataforma(nombrePlataforma,descripcion) VALUES ("PS5","PlayStation 5 es la quinta consola de videojuegos de sobremesa desarrollada por la empresa Sony Interactive Entertainment. Las principales características de hardware de la PlayStation 5 incluyen una unidad de estado sólido personalizada para transmisión de datos de alta velocidad para permitir mejoras significativas en el rendimiento del almacenamiento, una GPU AMD capaz de mostrar una resolución de 4K de hasta 120 cuadros por segundo, trazado de rayos acelerado por hardware para realismo, iluminación y reflejos y el motor Tempest que permite efectos de audio 3D acelerados por hardware. Otras características incluyen el controlador DualSense con retroalimentación háptica y compatibilidad con versiones anteriores de la mayoría de los videojuegos de PlayStation 4 y PlayStation VR.","https://cdn.vox-cdn.com/thumbor/1xxlWCr_FxNKtWpSak5IS7wNW54=/0x0:1076x599/1400x1050/filters:focal(538x300:539x301)/cdn.vox-cdn.com/uploads/chorus_asset/file/20030737/xWZMNYm.png",499.99,0);
INSERT INTO plataforma(nombrePlataforma,descripcion) VALUES ("Xbox One","Xbox One es la tercera videoconsola de sobremesa de la marca Xbox, producida por Microsoft. La consola está formada por un procesador AMD de 8 núcleos Custom de 64 bits basado en microarquitectura Jaguar y una velocidad estimada en 1,75 Ghz, 8 GB de memoria RAM DDR3 más 32 MB de ESRAM, con una velocidad de hasta 204 GB/s23​ 500 GB de disco duro y un lector Blu-ray 6x");
INSERT INTO plataforma(nombrePlataforma,descripcion) VALUES ("Xbox Series X", "La Xbox Series X funciona con una CPU AMD Zen 2 personalizada de 7 nm con ocho núcleos que funcionan a una velocidad nominal de 3,8 GHz o, cuando se usa subprocesos múltiples simultáneos (SMT), a 3,6 GHz. Un núcleo de CPU está dedicado al sistema operativo subyacente. [16] La GPU integrada también es una unidad personalizada basada en la arquitectura de gráficos RDNA 2 de AMD . Tiene un total de 56 unidades de cómputo (CU) con 3584 núcleos, con 52 CU y 3328 núcleos habilitados, y funcionará a una frecuencia fija de 1,825 GHz. Esta unidad es capaz de 12 teraflops de potencia computacional. La unidad se envía con 16 GB de GDDR6 SDRAM, con 10 GB funcionando a 560 GB/s principalmente para usar con el sistema de gráficos y los otros 6 GB a 336 GB/s para usar con otras funciones informáticas. Después de tener en cuenta el software del sistema, alrededor de 13,5 GB de memoria estarán disponibles para juegos y otras aplicaciones, y el software del sistema solo se basará en el grupo más lento. [16] La Xbox Series X está diseñada para renderizar juegos a una resolución de 4K a 60 cuadros por segundo, y puede admitir hasta 120 cuadros por segundo y una resolución de hasta 8K"); 
INSERT INTO plataforma(nombrePlataforma,descripcion) VALUES ("Steam", "Steam es una plataforma gratuita de distribución digital de videojuegos desarrollada por Valve Corporation. ")
INSERT INTO genero VALUES("Accion","Género que se caracteriza porque el jugador debe hacer uso de su velocidad, destreza en el control y tiempo de reacción para avanzar. Se trata de un género muy amplio que abarca los juegos de disparos, los juegos de lucha y que da lugar hibridaciones con casi cualquier otro género.");
INSERT INTO genero VALUES("RPG", "Se caracterizan porque un jugador controla un personaje en un mundo totalmente recreado donde transcurre una historia y hay que ir completando misiones hasta alcanzar el objetivo final.");
INSERT INTO genero VALUES("JRPG", "Término para referirse a los RPG o juegos de rol desarrollados en Japón -y países limítrofes- dado que cumplen con una serie de premisas estéticas y formales muy similares, como aspecto desenfadado y muy colorista, personajes muy jóvenes y andróginos, estética tipo manga/anime, historias lineales o combate por turnos.");
INSERT INTO genero VALUES("Estrategia", "Los videojuegos de estrategia son un género de videojuegos que enfatiza el pensamiento hábil y la planificación para lograr la victoria, pero siempre y cuando teniendo claro el objetivo al que vamos y la meta que queremos conseguir");
INSERT INTO genero VALUES("Terror", "Los videojuegos de terror, o videojuegos de horror, son un género de videojuegos, que mediante la ficción a través de elementos y experiencias de terror, pretenden asustar al jugador. Están diseñados con situaciones intimidantes, entornos tétricos, enemigos monstruosos y muy dañinos, además de sonidos, música e imágenes inquietantes.");
INSERT INTO genero VALUES("Roguelike", "El género roguelike se basa en, normalmente, dungeons creadas proceduralmente, que suele incluir muerte permanente (o algo parecido) y una premisa de juego sencilla y con poca narrativa: el único objetivo del personaje es avanzar y sobrevivir lo más posible antes de llegar a la muerte.");

INSERT INTO juego(nombre , genero,descripcion , pvp, descuento , imagen  ,plataforma) VALUES ("The binding of Isaac", "Roguelike","Cuando la madre de Isaac empieza a escuchar la voz de Dios exigiéndole un sacrificio para demostrar su fe, Isaac huye hacia el sótano para enfrentarse a montones de desquiciados enemigos, hermanos y hermanas perdidos, sus miedos y, finalmente, a su madre. The Binding of Isaac es un shooter de rol y acción generado aleatoriamente con fuertes elementos de roguelike. Mientras siguen a Isaac en su viaje, los jugadores encontrarán extraños tesoros que cambiarán la forma de Isaac dotándole de habilidades sobrehumanas que le permitirán enfrentarse a hordas de misteriosas criaturas, descubrir secretos y abrirse paso luchando hasta un lugar seguro.", 19.99,0,"https://s.pacn.ws/1/p/14g/the-binding-of-isaac-repentance-english-728211.19.jpg?v=rfru9i&quality=72&width=1024&crop=874,1082", "PS4");
INSERT INTO juego(nombre , genero,descripcion , pvp, descuento , imagen  ,plataforma) VALUES ("The binding of Isaac", "Roguelike","Cuando la madre de Isaac empieza a escuchar la voz de Dios exigiéndole un sacrificio para demostrar su fe, Isaac huye hacia el sótano para enfrentarse a montones de desquiciados enemigos, hermanos y hermanas perdidos, sus miedos y, finalmente, a su madre. The Binding of Isaac es un shooter de rol y acción generado aleatoriamente con fuertes elementos de roguelike. Mientras siguen a Isaac en su viaje, los jugadores encontrarán extraños tesoros que cambiarán la forma de Isaac dotándole de habilidades sobrehumanas que le permitirán enfrentarse a hordas de misteriosas criaturas, descubrir secretos y abrirse paso luchando hasta un lugar seguro.", 24.99,0, "https://pbs.twimg.com/media/E9ASI3-X0AIRBq6.jpg:large", "PS5");
INSERT INTO juego(nombre , genero,descripcion , pvp, descuento , imagen  ,plataforma) VALUES ("The binding of Isaac", "Roguelike","Cuando la madre de Isaac empieza a escuchar la voz de Dios exigiéndole un sacrificio para demostrar su fe, Isaac huye hacia el sótano para enfrentarse a montones de desquiciados enemigos, hermanos y hermanas perdidos, sus miedos y, finalmente, a su madre. The Binding of Isaac es un shooter de rol y acción generado aleatoriamente con fuertes elementos de roguelike. Mientras siguen a Isaac en su viaje, los jugadores encontrarán extraños tesoros que cambiarán la forma de Isaac dotándole de habilidades sobrehumanas que le permitirán enfrentarse a hordas de misteriosas criaturas, descubrir secretos y abrirse paso luchando hasta un lugar seguro.", 19.99,0,"https://gaming-cdn.com/images/products/6162/orig-fallback-v1/juego-steam-the-binding-of-isaac-repentance-cover.jpg?v=1617695963", "Steam");
INSERT INTO juego(nombre , genero,descripcion ,pvp, descuento , imagen  ,plataforma) VALUES ("Persona 5 Royale","JRPG","Prepárate para una nueva experiencia RPG con Persona 5 Royal, basada en la premiada saga Persona. Ponte la máscara de Joker y únete a los Phantom Thieves of Hearts. Rompe las cadenas de la sociedad moderna e infíltrate en las mentes de los corruptos para hacerles cambiar de vida. Persona 5 Royal viene con nuevos personajes, confidentes, historia nueva, lugares nuevos que explorar. Con un nuevo semestre en la academia Shujin prepárate para fortalecer tus habilidades en el metaverso y en tu día adía. Explora Tokio, desbloquea nuevos Persona, descubre un nuevo arco de la historia nunca visto, escenas, finales alternativos y mucho más. Porta la máscara. Revela tu verdad.", 59.99, 20,"https://videodis.es/50525-large_default/persona-5-royal-ps5.jpg", "PS5");
INSERT INTO juego(nombre , genero,descripcion ,pvp, descuento , imagen  ,plataforma) VALUES ("Persona 5 Royale","JRPG","Prepárate para una nueva experiencia RPG con Persona 5 Royal, basada en la premiada saga Persona. Ponte la máscara de Joker y únete a los Phantom Thieves of Hearts. Rompe las cadenas de la sociedad moderna e infíltrate en las mentes de los corruptos para hacerles cambiar de vida. Persona 5 Royal viene con nuevos personajes, confidentes, historia nueva, lugares nuevos que explorar. Con un nuevo semestre en la academia Shujin prepárate para fortalecer tus habilidades en el metaverso y en tu día adía. Explora Tokio, desbloquea nuevos Persona, descubre un nuevo arco de la historia nunca visto, escenas, finales alternativos y mucho más. Porta la máscara. Revela tu verdad.", 59.99, 20,"https://cdn-products.eneba.com/resized-products/8xcI-W5IK5EtgNuBF0M2q5kJYezqBlfMszDZ1psuK0Y_350x200_1x-0.jpg", "Steam");
INSERT INTO juego(nombre , genero,descripcion ,pvp, descuento , imagen  ,plataforma) VALUES("Halo Infinite", "Accion", "Halo Infinite, es la sexta entrega de la saga principal de acción en primera persona Halo, la que promete ser la aventura más grande del Jefe Maestro. Cuando se pierde toda esperanza y el destino de la humanidad pende de un hilo, el Jefe Maestro está listo para enfrentarse al enemigo más despiadado al que jamás haya hecho frente. Ponte la armadura del mayor héroe de la humanidad para vivir una aventura épica y explorar el descomunal anillo de Halo.",59.99,50 "https://www.tradeinn.com/f/13885/138854334/microsoft-xbox-juego-xb1-halo-infinite.jpg", "XboxOne");
INSERT INTO juego(nombre , genero,descripcion ,pvp, descuento , imagen  ,plataforma) VALUES("Halo Infinite", "Accion", "Halo Infinite, es la sexta entrega de la saga principal de acción en primera persona Halo, la que promete ser la aventura más grande del Jefe Maestro. Cuando se pierde toda esperanza y el destino de la humanidad pende de un hilo, el Jefe Maestro está listo para enfrentarse al enemigo más despiadado al que jamás haya hecho frente. Ponte la armadura del mayor héroe de la humanidad para vivir una aventura épica y explorar el descomunal anillo de Halo.",59.99,50 "https://m.media-amazon.com/images/I/81KXfLKLLXL._AC_SY445_.jpg", "Xbox Series X");
INSERT INTO juego(nombre , genero,descripcion ,pvp, descuento , imagen  ,plataforma) VALUES("Xcom 2", "Estrategia" , "XCOM 2 es un videojuego de estrategia por turnos de 2016 desarrollado por Firaxis Games y publicado por 2K Games. El juego es la secuela del reboot de la serie, XCOM: Enemy Unknown de 2012, y tiene lugar 20 años después de los eventos de Enemy Unknown. En el mismo, XCOM, una organización militar humana que intenta combatir una invasión alienígena, ha perdido la guerra y se reduce ahora a una fuerza de resistencia contra la ocupación de la Tierra y contra el régimen totalitario establecido por los invasores. El juego se desarrolla en misiones de combate por turnos en el que el jugador comanda un pelotón de soldados que debe luchar contra enemigos, humanos y alienígenas, y completar objetivos específicos. Asimismo, los jugadores administran y controlan las operaciones del Vengador, una nave alienígena abandonada que funciona como base móvil para XCOM, ocupando el mando del departamento de ingeniería e investigación de la base durante el tiempo entre misiones.", 39.99, 0, "https://www.buygames.ps/208-thickbox_default/xcom-2-reserva-ps4.jpg", "PS4");
INSERT INTO juego(nombre , genero,descripcion ,pvp, descuento , imagen  ,plataforma) VALUES("Xcom 2", "Estrategia" , "XCOM 2 es un videojuego de estrategia por turnos de 2016 desarrollado por Firaxis Games y publicado por 2K Games. El juego es la secuela del reboot de la serie, XCOM: Enemy Unknown de 2012, y tiene lugar 20 años después de los eventos de Enemy Unknown. En el mismo, XCOM, una organización militar humana que intenta combatir una invasión alienígena, ha perdido la guerra y se reduce ahora a una fuerza de resistencia contra la ocupación de la Tierra y contra el régimen totalitario establecido por los invasores. El juego se desarrolla en misiones de combate por turnos en el que el jugador comanda un pelotón de soldados que debe luchar contra enemigos, humanos y alienígenas, y completar objetivos específicos. Asimismo, los jugadores administran y controlan las operaciones del Vengador, una nave alienígena abandonada que funciona como base móvil para XCOM, ocupando el mando del departamento de ingeniería e investigación de la base durante el tiempo entre misiones.", 39.99, 0, "https://i.3djuegos.com/juegos/12087/xcom_2/fotos/ficha/xcom_2-3256574.jpg", "Steam");
INSERT INTO juego(nombre , genero,descripcion ,pvp, descuento , imagen  ,plataforma) VALUES("Pokemon Violeta", "RPG","Disfrutarás de una aventura en Paldea, un lugar en el que podrás explorar libremente y sin tener que seguir un orden establecido por la trama. Por supuesto, además de todos los descubrimientos y las historias que te esperan, deberás de perfeccionar tus habilidades como Entrenador o Entrenadora Pokémon combatiendo con otros Entrenadores mientras recorres Paldea. Además de lo anterior, conocerás a los habitantes de la región y capturarás (y coleccionarás) muchos Pokémon; desde la primera generación hasta los nuevos Pokémon que forman parte de esta entrega." , 59.99, 0,"https://m.media-amazon.com/images/I/81wbAGjGPkL._AC_SY879_.jpg", "Nintendo Switch");
INSERT INTO juego(nombre , genero,descripcion ,pvp, descuento , imagen  ,plataforma) VALUES("Silent hill 2","Terror","Silent Hill 2 ocurre en un universo ficticio que se asemeja parcialmente al mundo real, donde todos los días se cruza con otro mundo alternativo, los cuales están llenos de monstruos. El protagonista es James Sunderland, quien recibe una carta de su esposa Mary, que murió algún tiempo antes de los eventos del juego. En la misma, ella le pide que vaya a la ciudad turística de Silent Hill. Al llegar a su destino, James se encuentra con una misteriosa mujer llamada María, una copia casi exacta de su esposa. Al final, se da cuenta de que parte de sus recuerdos fue un autoengaño. La jugabilidad consiste en resolver acertijos, buscar los elementos necesarios, explorar ubicaciones, confrontar al personaje principal y los monstruos", 19.99,0,"https://www.xzone.cz/covergame/50798_original.jpg", "PS5");